{"name":"cfa6dce9-dace-4e64-8935-0378433399c2","id":"/providers/Microsoft.Flow/flows/cfa6dce9-dace-4e64-8935-0378433399c2","type":"Microsoft.Flow/flows","properties":{"apiId":"/providers/Microsoft.PowerApps/apis/shared_logicflows","displayName":"Generate SPO News from RSS Using Flow - Created Video Time fully functional","definition":{"metadata":{"workflowEntityId":null,"processAdvisorMetadata":null,"flowclientsuspensionreason":"None","flowclientsuspensiontime":null,"creator":{"id":"f6b77d7c-5304-4192-a96c-11697038053c","type":"User","tenantId":"688156f1-8979-405b-b98a-fed675ca450f"},"provisioningMethod":"FromDefinition","failureAlertSubscription":true,"clientLastModifiedTime":"2021-09-07T03:20:43.9604061Z"},"$schema":"https://schema.management.azure.com/providers/Microsoft.Logic/schemas/2016-06-01/workflowdefinition.json#","contentVersion":"1.0.0.0","parameters":{"$connections":{"defaultValue":{},"type":"Object"},"$authentication":{"defaultValue":{},"type":"SecureObject"}},"triggers":{"manual":{"type":"Request","kind":"Button","inputs":{"schema":{"type":"object","properties":{},"required":[]}}}},"actions":{"List_all_RSS_feed_items":{"runAfter":{"Initialize_variable":["Succeeded"]},"metadata":{"flowSystemMetadata":{"swaggerOperationId":"ListFeedItems"}},"type":"ApiConnection","inputs":{"host":{"connection":{"name":"@json(decodeBase64(triggerOutputs().headers['X-MS-APIM-Tokens']))['$connections']['shared_rss']['connectionId']"},"api":{"runtimeUrl":"https://unitedstates-002.azure-apim.net/apim/rss"}},"method":"get","path":"/ListFeedItems","queries":{"feedUrl":"https://powerapps.microsoft.com/en-us/blog/feed/","since":"@{formatDateTime(convertFromUtc(addDays(utcNow(),-30),'Eastern Standard Time'),'yyyy-MM-dd hh:mm:ssZ')}","sinceProperty":"PublishDate"},"authentication":{"type":"Raw","value":"@json(decodeBase64(triggerOutputs().headers['X-MS-APIM-Tokens']))['$ConnectionKey']"}}},"Compose":{"runAfter":{"List_all_RSS_feed_items":["Succeeded"]},"type":"Compose","inputs":"@body('List_all_RSS_feed_items')"},"Terminate":{"runAfter":{"Apply_to_each":["Succeeded","TimedOut","Skipped","Failed"]},"type":"Terminate","inputs":{"runStatus":"Succeeded"}},"Apply_to_each":{"foreach":"@body('List_all_RSS_feed_items')","actions":{"Creating_An_Entry_in_SharePoint_List":{"runAfter":{},"metadata":{"flowSystemMetadata":{"swaggerOperationId":"PostItem"}},"type":"ApiConnection","inputs":{"host":{"connection":{"name":"@json(decodeBase64(triggerOutputs().headers['X-MS-APIM-Tokens']))['$connections']['shared_sharepointonline']['connectionId']"},"api":{"runtimeUrl":"https://unitedstates-002.azure-apim.net/apim/sharepointonline"}},"method":"post","body":{"Title":"@items('Apply_to_each')['title']","ArticleURL":"@items('Apply_to_each')?['primaryLink']","ArtclDesc":"@items('Apply_to_each')?['summary']","artclPblDate":"@items('Apply_to_each')?['publishDate']","ArticleType":{"Value":"Power Apps"}},"path":"/datasets/@{encodeURIComponent(encodeURIComponent('https://kvnteams.sharepoint.com/sites/Practice'))}/tables/@{encodeURIComponent(encodeURIComponent('6aec941e-e8ff-4ce3-9508-5fc8ce1312d0'))}/items","authentication":{"type":"Raw","value":"@json(decodeBase64(triggerOutputs().headers['X-MS-APIM-Tokens']))['$ConnectionKey']"}}},"Creating_a_new_News_in_SPO":{"actions":{"Get_file_metadata":{"runAfter":{"Send_an_HTTP_request_to_SharePoint":["Succeeded"]},"metadata":{"flowSystemMetadata":{"swaggerOperationId":"GetFileMetadata"}},"type":"ApiConnection","inputs":{"host":{"connection":{"name":"@json(decodeBase64(triggerOutputs().headers['X-MS-APIM-Tokens']))['$connections']['shared_sharepointonline']['connectionId']"},"api":{"runtimeUrl":"https://unitedstates-002.azure-apim.net/apim/sharepointonline"}},"method":"get","path":"/datasets/@{encodeURIComponent(encodeURIComponent('https://kvnteams.sharepoint.com/sites/Practice'))}/files/@{encodeURIComponent('Sitepages%2f',outputs('Article_Title'),'.aspx')}","authentication":{"type":"Raw","value":"@json(decodeBase64(triggerOutputs().headers['X-MS-APIM-Tokens']))['$ConnectionKey']"}}},"Checkout_newly_created_News_post":{"runAfter":{"Get_file_metadata":["Succeeded"]},"metadata":{"flowSystemMetadata":{"swaggerOperationId":"HttpRequest"}},"type":"ApiConnection","inputs":{"host":{"connection":{"name":"@json(decodeBase64(triggerOutputs().headers['X-MS-APIM-Tokens']))['$connections']['shared_sharepointonline']['connectionId']"},"api":{"runtimeUrl":"https://unitedstates-002.azure-apim.net/apim/sharepointonline"}},"method":"post","body":{"method":"POST","uri":"_api/sitepages/pages(@{body('Get_file_metadata')?['ItemId']})/CheckOutPage","headers":{"accept":"application/json;odata=verbose","content-type":"application/json;odata=verbose"}},"path":"/datasets/@{encodeURIComponent(encodeURIComponent('https://kvnteams.sharepoint.com/sites/Practice'))}/httprequest","authentication":{"type":"Raw","value":"@json(decodeBase64(triggerOutputs().headers['X-MS-APIM-Tokens']))['$ConnectionKey']"}}},"Create_a_new_News_Post_using_News_schema":{"runAfter":{"Checkout_newly_created_News_post":["Succeeded"]},"metadata":{"flowSystemMetadata":{"swaggerOperationId":"HttpRequest"}},"type":"ApiConnection","inputs":{"host":{"connection":{"name":"@json(decodeBase64(triggerOutputs().headers['X-MS-APIM-Tokens']))['$connections']['shared_sharepointonline']['connectionId']"},"api":{"runtimeUrl":"https://unitedstates-002.azure-apim.net/apim/sharepointonline"}},"method":"post","body":{"method":"POST","uri":"_api/sitepages/pages(@{body('Get_file_metadata')?['ItemId']})/savepageasdraft","headers":{"accept":"application/json;odata=verbose","content-type":"application/json;odata=verbose"},"body":"{\n    \"__metadata\": {\n        \"type\": \"SP.Publishing.SitePage\"\n    },\n    \"LayoutWebpartsContent\": \"[{\\\"id\\\":\\\"cbe7b0a9-3504-44dd-a3a3-0e5cacd07788\\\",\\\"instanceId\\\":\\\"cbe7b0a9-3504-44dd-a3a3-0e5cacd07788\\\",\\\"title\\\":\\\"\\\\n      Title area\\\\n    \\\",\\\"description\\\":\\\"\\\\n      Title area description\\\\n    \\\",\\\"audiences\\\":[],\\\"serverProcessedContent\\\":{\\\"htmlStrings\\\":{},\\\"searchablePlainTexts\\\":{},\\\"imageSources\\\":{\\\"imageSource\\\":\\\"https://styles.redditmedia.com/t5_3b5z3/styles/communityIcon_ajnkcmdiqik61.jpg\\\"},\\\"links\\\":{},\\\"customMetadata\\\":{\\\"imageSource\\\":{}}},\\\"dataVersion\\\":\\\"1.4\\\",\\\"properties\\\":{\\\"imageSourceType\\\":2,\\\"title\\\":\\\" \\\",\\\"textAlignment\\\":\\\"Left\\\",\\\"showPublishDate\\\":false,\\\"authors\\\":[{\\\"id\\\":\\\"i:0#.f|membership|krishna.vandanapu@kvnteams.onmicrosoft.com\\\",\\\"upn\\\":\\\"krishna.vandanapu@kvnteams.onmicrosoft.com\\\",\\\"email\\\":\\\"krishna.vandanapu@kvnteams.onmicrosoft.com\\\",\\\"name\\\":\\\"Krishna Sudheer Vandanapu\\\",\\\"role\\\":\\\"\\\"}],\\\"showTopicHeader\\\":false,\\\"authorByline\\\":[\\\"krishna.vandanapu@kvnteams.onmicrosoft.com\\\"],\\\"layoutType\\\":\\\"CutInShape\\\",\\\"titlePlaceholder\\\":\\\"Name your news post\\\",\\\"topicHeader\\\":\\\"\\\",\\\"enableGradientEffect\\\":true},\\\"reservedHeight\\\":359}]\",\n    \"Title\": \" @{outputs('Article_Title')}\",\n    \"AuthorByline\": [\n        \"krishna.vandanapu@kvnteams.onmicrosoft.com\"\n    ],\n    \"TopicHeader\": \"\",\n    \"BannerImageUrl\": \"https://styles.redditmedia.com/t5_3b5z3/styles/communityIcon_ajnkcmdiqik61.jpg?width=256&format=pjpg&s=0e591dc4b484e932a5520411d6dd3ca00ae6e86b\",\n    \"CanvasContent1\": \"[{\\\"controlType\\\":4,\\\"id\\\":\\\"1212fc8d-dd6b-408a-8d5d-9f1cc787efbb\\\",\\\"position\\\":{\\\"controlIndex\\\":2,\\\"sectionIndex\\\":1,\\\"sectionFactor\\\":12,\\\"zoneIndex\\\":1,\\\"layoutIndex\\\":1},\\\"addedFromPersistedData\\\":true,\\\"innerHTML\\\":\\\" @{items('Apply_to_each')?['summary']} <br/>Read Complete Article: <a href='@{items('Apply_to_each')?['primaryLink']}'>@{outputs('Article_Title')}</a> \\\"},{\\\"controlType\\\":0,\\\"pageSettingsSlice\\\":{\\\"isDefaultDescription\\\":true,\\\"isDefaultThumbnail\\\":true}}]\"\n}"},"path":"/datasets/@{encodeURIComponent(encodeURIComponent('https://kvnteams.sharepoint.com/sites/Practice'))}/httprequest","authentication":{"type":"Raw","value":"@json(decodeBase64(triggerOutputs().headers['X-MS-APIM-Tokens']))['$ConnectionKey']"}}},"Publish_the_new_News_post_in_SPO":{"runAfter":{"Create_a_new_News_Post_using_News_schema":["Succeeded"]},"metadata":{"flowSystemMetadata":{"swaggerOperationId":"HttpRequest"}},"type":"ApiConnection","inputs":{"host":{"connection":{"name":"@json(decodeBase64(triggerOutputs().headers['X-MS-APIM-Tokens']))['$connections']['shared_sharepointonline']['connectionId']"},"api":{"runtimeUrl":"https://unitedstates-002.azure-apim.net/apim/sharepointonline"}},"method":"post","body":{"method":"POST","uri":"_api/sitepages/pages(@{body('Get_file_metadata')?['ItemId']})/publish","headers":{"accept":"application/json;odata=verbose","content-type":"application/json;odata=verbose"}},"path":"/datasets/@{encodeURIComponent(encodeURIComponent('https://kvnteams.sharepoint.com/sites/Practice'))}/httprequest","authentication":{"type":"Raw","value":"@json(decodeBase64(triggerOutputs().headers['X-MS-APIM-Tokens']))['$ConnectionKey']"}}},"Article_Title":{"runAfter":{},"type":"Compose","inputs":"@Replace(items('Apply_to_each')['title'],':','')"},"Send_an_HTTP_request_to_SharePoint":{"runAfter":{"Article_Title":["Succeeded"]},"metadata":{"flowSystemMetadata":{"swaggerOperationId":"HttpRequest"}},"type":"ApiConnection","inputs":{"host":{"connection":{"name":"@json(decodeBase64(triggerOutputs().headers['X-MS-APIM-Tokens']))['$connections']['shared_sharepointonline']['connectionId']"},"api":{"runtimeUrl":"https://unitedstates-002.azure-apim.net/apim/sharepointonline"}},"method":"post","body":{"method":"POST","uri":"/_api/web/getfilebyserverrelativeurl('/sites/Practice/SitePages/PowerPlatform-News-Template.aspx')/copyto(strnewurl='/sites/Practice/SitePages/@{outputs('Article_Title')}.aspx',bOverwrite=true)","headers":{"accept":"application/json;odata=verbose","content-type":"application/json;odata=verbose"}},"path":"/datasets/@{encodeURIComponent(encodeURIComponent('https://kvnteams.sharepoint.com/sites/Practice'))}/httprequest","authentication":{"type":"Raw","value":"@json(decodeBase64(triggerOutputs().headers['X-MS-APIM-Tokens']))['$ConnectionKey']"}}}},"runAfter":{"Creating_An_Entry_in_SharePoint_List":["Succeeded"]},"type":"Scope"},"Scope":{"actions":{"Post_adaptive_card_in_a_chat_or_channel":{"runAfter":{},"metadata":{"flowSystemMetadata":{"swaggerOperationId":"PostCardToConversation"}},"type":"ApiConnection","inputs":{"host":{"connection":{"name":"@json(decodeBase64(triggerOutputs().headers['X-MS-APIM-Tokens']))['$connections']['shared_teams']['connectionId']"},"api":{"runtimeUrl":"https://unitedstates-002.azure-apim.net/apim/teams"}},"method":"post","body":{"recipient":{"groupId":"a5f9d9b0-6ec4-4f5d-9fb1-3c8bd171b54c","channelId":"19:63fcb1c24cda4e5986663f4d6206f83e@thread.tacv2"},"messageBody":"{\n    \"type\": \"AdaptiveCard\",\n    \"body\": [\n        {\n            \"type\": \"TextBlock\",\n            \"size\": \"Large\",\n            \"weight\": \"lighter\",\n            \"text\": \"@{items('Apply_to_each')['title']}\",\n            \"wrap\": true\n        },\n        {\n            \"type\": \"ColumnSet\",\n            \"columns\": [\n                {\n                    \"type\": \"Column\",\n                    \"items\": [\n                        {\n                            \"type\": \"Image\",\n                            \"style\": \"Person\",\n                            \"url\": \"@{variables('varPhotoURL')}\",\n                            \"size\": \"Large\",\n\"msTeams\": {\n              \"allowExpand\": true\n            }\n                        }\n                    ],\n                    \"width\": \"auto\"\n                },\n                {\n                    \"type\": \"Column\",\n                    \"items\": [\n                        {\n                            \"type\": \"TextBlock\",\n                            \"weight\": \"Bolder\",\n                            \"text\":\"Article Published On:\",\n                            \"wrap\": true\n                        },\n                        {\n                            \"type\": \"TextBlock\",\n                            \"spacing\": \"None\",\n                            \"text\":\"@{split(items('Apply_to_each')?['publishDate'],' ')[0]}\",\n                            \"isSubtle\": true,\n                            \"wrap\": true\n                        }\n                    ],\n                    \"width\": \"stretch\"\n                }\n            ]\n        },\n        {\n            \"type\": \"TextBlock\",\n            \"text\":\"@{items('Apply_to_each')?['summary']}\",\n            \"wrap\": true\n        }\n    ],\n    \"actions\": [\n        {\n            \"type\": \"Action.OpenUrl\",\n            \"title\": \"Read Full Article\",\n            \"url\": \"@{items('Apply_to_each')?['primaryLink']}\"\n        }\n    ], \n\"msteams\": {\n        \"width\": \"Full\"\n    },\n    \"$schema\": \"http://adaptivecards.io/schemas/adaptive-card.json\",\n    \"version\": \"1.2\"\n}"},"path":"/v1.0/teams/conversation/adaptivecard/poster/Flow bot/location/@{encodeURIComponent('Channel')}","authentication":{"type":"Raw","value":"@json(decodeBase64(triggerOutputs().headers['X-MS-APIM-Tokens']))['$ConnectionKey']"}}}},"runAfter":{"Creating_An_Entry_in_SharePoint_List":["Succeeded"]},"type":"Scope"},"Scope_2":{"actions":{"Send_an_email":{"runAfter":{},"metadata":{"flowSystemMetadata":{"swaggerOperationId":"SendEmailV2"}},"type":"ApiConnection","inputs":{"host":{"connection":{"name":"@json(decodeBase64(triggerOutputs().headers['X-MS-APIM-Tokens']))['$connections']['shared_office365']['connectionId']"},"api":{"runtimeUrl":"https://unitedstates-002.azure-apim.net/apim/office365"}},"method":"post","body":{"To":"krishna.vandanapu@kvnteams.onmicrosoft.com","Subject":"RSS New Feed : @{items('Apply_to_each')['title']}","Body":"<p>Hi Team,<br>\n<br>\nPlease find the below new Power Aps pnews:<br>\n<br>\n<strong>Title:</strong> @{items('Apply_to_each')['title']}<br>\n<br>\n<strong>Read the full Article:</strong> &nbsp; <a href=\"&lt;object custom=\"></a>@{items('Apply_to_each')?['primaryLink']}<a href=\"&lt;object custom=\">\"&gt;</a>@{items('Apply_to_each')['title']}<br>\n<br>\nRegards,<br>\nPower Platform Team</p>"},"path":"/v2/Mail","authentication":{"type":"Raw","value":"@json(decodeBase64(triggerOutputs().headers['X-MS-APIM-Tokens']))['$ConnectionKey']"}}}},"runAfter":{"Creating_An_Entry_in_SharePoint_List":["Succeeded"]},"type":"Scope"},"Duplicate_Record_Message":{"runAfter":{"Creating_An_Entry_in_SharePoint_List":["Failed","Skipped","TimedOut"]},"type":"Compose","inputs":"Duplicate Record"}},"runAfter":{"Compose":["Succeeded"]},"type":"Foreach"},"Initialize_variable":{"runAfter":{},"type":"InitializeVariable","inputs":{"variables":[{"name":"varPhotoURL","type":"string","value":"https://styles.redditmedia.com/t5_3b5z3/styles/communityIcon_ajnkcmdiqik61.jpg?width=256&format=pjpg&s=0e591dc4b484e932a5520411d6dd3ca00ae6e86b"}]}}},"outputs":{},"description":"When a feed item is published on RSS, log that to SharePoint list and send an email. The SharePoint list must have columns: Title, FeedID, FeedPublishedOn, FeedSummary, FeedUpdatedOn, PrimaryFeedLink."},"connectionReferences":{"shared_rss":{"connectionName":"ee72164abc9b4392b7b5cf6b3f0bac7b","source":"Invoker","id":"/providers/Microsoft.PowerApps/apis/shared_rss","tier":"NotSpecified"},"shared_sharepointonline":{"connectionName":"c765c4f0a315464a8336325bc16ada2d","source":"Invoker","id":"/providers/Microsoft.PowerApps/apis/shared_sharepointonline","tier":"NotSpecified"},"shared_teams":{"connectionName":"5a1f7a089f954115a6ae744cd079563e","source":"Invoker","id":"/providers/Microsoft.PowerApps/apis/shared_teams","tier":"NotSpecified"},"shared_office365":{"connectionName":"shared-office365-18e4441e-d5dd-463a-b02c-c73c-c2121867","source":"Invoker","id":"/providers/Microsoft.PowerApps/apis/shared_office365","tier":"NotSpecified"}},"flowFailureAlertSubscribed":false}}